Face,Count,Probability,Absolute Error,Rel. Error(%)
1,13,0.13,0.0366667,22
2,20,0.2,0.0333333,20
3,13,0.13,0.0366667,22
4,14,0.14,0.0266667,16
5,20,0.2,0.0333333,20
6,20,0.2,0.0333333,20
