Face,Count,Probability,Absolute Error,Rel. Error(%)
1,19,0.19,0.0233333,14
2,17,0.17,0.00333333,2
3,12,0.12,0.0466667,28
4,11,0.11,0.0566667,34
5,23,0.23,0.0633333,38
6,18,0.18,0.0133333,8
