Face,Count,Probability,Absolute Error,Rel. Error(%)
1,61,0.1525,0.0141667,8.5
2,61,0.1525,0.0141667,8.5
3,59,0.1475,0.0191667,11.5
4,73,0.1825,0.0158333,9.5
5,71,0.1775,0.0108333,6.5
6,75,0.1875,0.0208333,12.5
